Feature,Importance
melting_temp,0.10695575024989988
gc_content,0.07588457697553747
at_content,0.07085125234812856
2-mer_TA,0.05793793853082937
2-mer_GG,0.04391185598534766
3-mer_TTA,0.03756546225618364
3-mer_TAA,0.028342946352497428
3-mer_GCC,0.025106162733541902
3-mer_TAT,0.020201508626775194
4-mer_TAAA,0.019624432632992933
3-mer_GGA,0.019227351170579186
2-mer_TT,0.018268196461855693
3-mer_GAG,0.01803186172411841
3-mer_ATT,0.017757476979286407
3-mer_TGG,0.013835722350559486
4-mer_GGAG,0.013794179722657758
4-mer_TGGG,0.013136270113500485
4-mer_GAGG,0.012358213052201335
2-mer_CC,0.012115764752442242
4-mer_TTTA,0.010284889353223052
3-mer_GGG,0.010063718590605503
4-mer_ATTA,0.010002749268308644
shannon_entropy,0.008844923512118602
2-mer_AA,0.008325794826793954
2-mer_AT,0.008267069601972848
3-mer_AAT,0.007044366289161047
4-mer_TTAA,0.006924180456625807
4-mer_TTAT,0.006473524987826179
codon_TAA,0.005619616810824382
3-mer_GGC,0.004826217610864148
3-mer_TTC,0.00470451624761668
3-mer_AGG,0.004642426572935388
3-mer_CTG,0.004427627712073503
codon_GGG,0.004265870043944633
4-mer_TGGA,0.004191154746578756
3-mer_CCC,0.004091195519949898
4-mer_CCGG,0.004031740198527829
2-mer_AG,0.003933614351472919
4-mer_CATG,0.003663094059578507
codon_GAG,0.003294152809059211
4-mer_GCCA,0.003268349355362822
4-mer_CAGG,0.003267102149185723
gc_skew,0.00319102794631362
4-mer_GGAC,0.0031570536365605507
3-mer_CAC,0.003125608313331481
codon_GGA,0.002954003197302922
4-mer_AAAT,0.0029247638904914617
cpg_islands,0.0028952382714725485
codon_TTA,0.0028878771583559014
2-mer_GC,0.002797309682297899
4-mer_TATA,0.0027684015023613667
2-mer_GA,0.0027118229051755357
2-mer_CG,0.0026505090657220147
3-mer_CTA,0.0026378780505849947
4-mer_GGGA,0.0024891556537546735
4-mer_AACT,0.0023834758122961946
4-mer_TATT,0.002353439754273063
3-mer_CTT,0.002331578458444725
2-mer_CA,0.00223973885325823
codon_GCC,0.002050047641934856
4-mer_AATT,0.0019755054859831984
4-mer_TAAC,0.0019555737692393805
4-mer_AGCC,0.0018893224569182698
3-mer_AAA,0.001830003747502891
3-mer_TTT,0.0017768985398432305
4-mer_GGAT,0.0017063958795694438
3-mer_GTT,0.001696518902733823
4-mer_TTCG,0.0016934197713213246
4-mer_CTTT,0.0016887260926212392
3-mer_TCT,0.001683462221402985
3-mer_AAC,0.001657682630228702
2-mer_TG,0.0016455564961736751
4-mer_GATC,0.0015501461857688223
4-mer_GTTA,0.001549701398447501
3-mer_GTA,0.0015073693489990978
4-mer_AGGA,0.00141922942048432
4-mer_ATAA,0.0014072303621150014
2-mer_CT,0.0014022511161880067
4-mer_TTGG,0.001369320486551443
2-mer_AC,0.0013306662049421519
3-mer_GTG,0.0013202754260660443
2-mer_TC,0.001292752206041217
4-mer_TGTT,0.0012265543563815201
3-mer_CGT,0.0011758570014026549
4-mer_GCTG,0.0011290618773761294
4-mer_CGGA,0.001106002001404225
4-mer_CTAA,0.0010822272227643296
4-mer_CCCC,0.0010485038005247913
3-mer_CAT,0.0010392641182090626
3-mer_CCA,0.0010388064766177006
2-mer_GT,0.0010328291528096094
3-mer_AGC,0.0010292170865920484
4-mer_TTTG,0.0010213444594590082
3-mer_ACG,0.001011353763336769
3-mer_GAC,0.001009244576070216
3-mer_TTG,0.001007188552190746
4-mer_TCTT,0.0010037140931036287
3-mer_AGA,0.0009975611958940348
4-mer_TTGA,0.0009832049104296055
3-mer_TCG,0.0009810454873386571
4-mer_GACA,0.000964223940305999
4-mer_ATTT,0.0009392216720879881
4-mer_GTAT,0.0009345344766093528
4-mer_GGGG,0.0009233528164122715
3-mer_ATA,0.0009044763635633884
3-mer_GCA,0.000875787358906442
4-mer_TATC,0.0008750455594164119
3-mer_TAC,0.0008627575361711804
4-mer_CTGG,0.0008557342672940617
4-mer_GTTC,0.0008543490100604209
3-mer_CGC,0.0008531454557406329
kmer_diversity,0.0008516007843424101
4-mer_AGTT,0.0008459421868906605
3-mer_CGG,0.0008336672594082793
4-mer_TTTC,0.0008246905649219265
4-mer_GTAA,0.0008174631595880064
4-mer_CGAT,0.000816478226786938
3-mer_TGT,0.0008096385105106819
4-mer_ATCA,0.0008076869979948494
3-mer_ACA,0.0008048506422110539
4-mer_CGCG,0.0007900368317176069
3-mer_ACT,0.0007810171269216275
4-mer_ATTC,0.0007723678505219381
4-mer_TTTT,0.0007662213610996782
3-mer_GCG,0.000765143944949449
4-mer_CCGA,0.0007613958614535076
4-mer_AACG,0.0007521518470142673
4-mer_TTCT,0.0007435212094230006
4-mer_ATAT,0.0007382243349069608
4-mer_GGAA,0.0007373570811933869
3-mer_CCG,0.0007369655076081987
4-mer_CACA,0.0007360077413090081
4-mer_GCCC,0.0007334008610348874
3-mer_CAA,0.0007327315316587704
3-mer_CGA,0.0007295977408813512
3-mer_ATG,0.0007144572022220869
4-mer_GAAC,0.0007138716071056332
4-mer_GGTT,0.0007093831466400281
4-mer_TGAA,0.0007059060954438706
codon_CCC,0.0007030007238216312
3-mer_AAG,0.0007024723656115288
4-mer_TGGC,0.0007009715664594802
3-mer_CTC,0.0006998843850479383
codon_GGC,0.0006997958884362013
codon_ATT,0.0006992448849036674
3-mer_ATC,0.0006956386071851519
4-mer_AGAG,0.0006930508799568367
4-mer_GTGG,0.0006893622108478535
codon_TTT,0.0006812842040009444
3-mer_GAA,0.0006746443139147215
3-mer_TGA,0.0006720773546851108
4-mer_GAGA,0.0006716539783843297
3-mer_TGC,0.0006681336742810069
4-mer_AGTG,0.0006672321098916338
3-mer_TCA,0.000664497773146766
4-mer_AGGG,0.0006640808275328573
4-mer_CCCA,0.0006639680587916054
3-mer_CAG,0.0006569946997195697
4-mer_GATT,0.0006536743494401011
4-mer_ATGG,0.0006498508636357498
codon_TGT,0.0006431281583701957
4-mer_TGCA,0.0006407656823356491
4-mer_TCAT,0.0006239848796973169
4-mer_CTTC,0.0006202775122338183
4-mer_CAGC,0.0006171468206527604
3-mer_CCT,0.0006021356699064427
4-mer_CTCG,0.0006016993307408448
4-mer_CAAA,0.0005966703204193348
4-mer_TAAT,0.0005923529091600426
codon_CAC,0.0005899447062169327
4-mer_GACG,0.0005801642745817292
4-mer_TTCC,0.000578840349294012
3-mer_GGT,0.0005765377132179062
4-mer_GAAT,0.0005708738509326929
4-mer_CCAC,0.0005707698463713771
4-mer_GCCT,0.0005647392745252649
4-mer_AATG,0.0005619413066397411
4-mer_ACCG,0.0005577587522562794
4-mer_AGAA,0.0005567930199416698
4-mer_TTAG,0.0005561615931411151
4-mer_CCAA,0.0005525472705475656
3-mer_ACC,0.0005523000484731266
4-mer_CGGC,0.0005508962160663954
3-mer_GAT,0.0005496306435344648
4-mer_TACC,0.0005488105550878843
4-mer_CGTA,0.0005486357234530493
4-mer_CTGA,0.0005434810585301204
4-mer_CGAA,0.0005386142143681369
4-mer_CCTT,0.0005380643145833675
4-mer_TAAG,0.0005370546302135012
codon_CGA,0.0005313803876496846
codon_AAC,0.0005277977503261437
codon_TGG,0.0005271296619247725
4-mer_ACAA,0.0005264335094049874
4-mer_GCTA,0.0005227962096794403
codon_AAA,0.000520359206161712
4-mer_ACGC,0.0005196015158242788
4-mer_TATG,0.0005172319182194474
4-mer_TTGT,0.0005158896837831581
4-mer_GGCC,0.0005155092731783666
4-mer_GGCA,0.0005110760645578757
4-mer_GCGC,0.0005072543995254731
4-mer_AAGA,0.0005052302189337414
codon_CGC,0.0005036294094524094
4-mer_CCAT,0.0005034747929754648
3-mer_GCT,0.000502917828787237
3-mer_TCC,0.0004960799654482491
4-mer_TACG,0.00049456288835429
4-mer_CTTG,0.0004920643071576139
4-mer_AGCT,0.0004915743322739985
3-mer_GTC,0.0004909925515253645
4-mer_CACG,0.0004907491511166468
4-mer_ACGT,0.00048579603081216546
codon_GTG,0.00047899689916572113
codon_TCA,0.0004772703455629839
4-mer_CTTA,0.0004760608583003924
4-mer_ATCG,0.00047585558474231904
3-mer_AGT,0.0004696978493617861
4-mer_GTGA,0.00046955571665911847
4-mer_TTCA,0.00046927021301129647
4-mer_TGGT,0.000466429427381122
4-mer_ACAC,0.00046593162746845794
4-mer_TGCC,0.0004606088075883969
4-mer_AGTA,0.00045510269012342464
4-mer_CTCT,0.0004550032030479093
4-mer_CTAT,0.00045483336076440145
4-mer_GACC,0.0004500118550412332
4-mer_ACCA,0.0004489283456400558
4-mer_CGTC,0.00044729140566204985
4-mer_ACAG,0.0004446738362263103
4-mer_CTGT,0.0004437034183023302
4-mer_GTGT,0.0004433590962417113
4-mer_AGCA,0.0004397928189219202
4-mer_TGTG,0.00043799440824697993
4-mer_AAAA,0.00043690562814963215
4-mer_GAAA,0.00042772261251965946
4-mer_AACA,0.0004269073213397816
codon_GCT,0.0004245766328945344
4-mer_TCAC,0.00042296800580807605
4-mer_GGTA,0.00042159152359006526
4-mer_CTGC,0.0004197211471978664
codon_GTT,0.0004192326813717643
4-mer_CATC,0.00041790952517454393
4-mer_GACT,0.0004177666972352895
4-mer_CTAC,0.00041584129164042407
4-mer_GCGG,0.0004151271570886845
codon_TTC,0.00041146396522910236
4-mer_GTTT,0.0004099065999411143
4-mer_CCTG,0.0004091336083488378
4-mer_TCGT,0.00040889062508869264
4-mer_GGGT,0.0004085537547643653
4-mer_TCGC,0.00040844403673607484
codon_TAT,0.0004001778577691989
4-mer_GGCT,0.00039976833272444744
4-mer_ACTA,0.00039754648807054636
4-mer_AGAT,0.0003961771865100106
4-mer_TTGC,0.00039547649029830057
4-mer_ACCC,0.0003951613965780261
3-mer_TAG,0.00039422473119193793
4-mer_AAGG,0.0003933968939114216
4-mer_CGAC,0.00039276414794763584
4-mer_GCCG,0.00039242385608542594
4-mer_CGTT,0.00039220716834453736
4-mer_GATA,0.0003917455823872746
4-mer_CAAC,0.0003873934928055664
4-mer_AGGC,0.00038654466067673907
codon_ACA,0.00038527077540301247
4-mer_AGCG,0.0003832805135651117
codon_AAT,0.00038284226116043306
4-mer_TTAC,0.0003824924492970749
4-mer_GAAG,0.0003780935657084225
4-mer_GGGC,0.0003772619635772691
4-mer_ATGT,0.0003771055951824681
codon_GAA,0.0003770337220875754
4-mer_GCTC,0.0003767745707106706
4-mer_ACCT,0.00037161501294100964
codon_CTT,0.00036827111751992303
4-mer_GAGC,0.00036330267691892513
4-mer_GCTT,0.00036240354959310694
4-mer_GGCG,0.00035893866600072706
4-mer_GCAG,0.0003555631263579499
4-mer_TCGG,0.00035489987066789763
4-mer_TGCT,0.0003544017858132277
4-mer_TCAG,0.0003515536269286255
4-mer_ACTG,0.0003514752821785148
4-mer_TCCT,0.00035118910597912116
codon_ACC,0.00035111708697416514
4-mer_CTCA,0.0003503003339190331
4-mer_AATA,0.0003493451617045349
codon_GTC,0.0003490214968658254
4-mer_AATC,0.00034890758679327047
4-mer_ACTT,0.0003478844646554561
4-mer_AAGC,0.0003441814237521855
4-mer_AAGT,0.0003436719737897993
4-mer_GCAT,0.0003418647612558845
4-mer_TCAA,0.000340994936932913
4-mer_GAGT,0.00033968140038868736
4-mer_ACTC,0.0003390391742532446
codon_GTA,0.00033840639665665384
4-mer_ACGG,0.0003369427114466003
4-mer_GGTC,0.0003347984641163239
4-mer_TCTA,0.0003343589257313205
4-mer_CAGA,0.00033425134147221735
codon_TGA,0.0003338627186185659
codon_GGT,0.00033282575898150023
4-mer_TACA,0.0003324374677515861
4-mer_ATGC,0.00033243659430418673
4-mer_CCAG,0.0003308560532482498
codon_CGT,0.00032760116341254994
4-mer_CTAG,0.0003262198101623119
4-mer_CGCT,0.0003231817724788458
4-mer_AACC,0.00032291753152804395
codon_GAT,0.00032263967609160804
4-mer_AAAG,0.00032108918430549826
4-mer_CACC,0.0003208756048937551
4-mer_TGAC,0.0003163638176996142
4-mer_ATGA,0.00031367530935579133
codon_AGG,0.0003124663548287183
codon_ATA,0.0003104744209027378
codon_ACT,0.0003092156529739158
codon_AGA,0.00030902493442456515
4-mer_CCGC,0.00030677946530277745
4-mer_CAAG,0.0003036707537162435
4-mer_GTTG,0.0003019051771444181
4-mer_AGTC,0.00030173530873940174
codon_ACG,0.0003014284584796873
4-mer_CAAT,0.00030049863660124574
codon_AGC,0.00029888603310823723
4-mer_ATTG,0.000298489393042203
4-mer_ATCC,0.0002969261258105469
codon_CAG,0.00029688636077282834
4-mer_CACT,0.00029445675153397954
4-mer_GTCA,0.0002943006775258014
4-mer_CGCA,0.0002913884331440093
4-mer_TGTA,0.00028906050628313656
4-mer_TCTG,0.00028647843630661335
4-mer_GATG,0.0002848400093014706
4-mer_CATT,0.00028405266168754614
4-mer_TGTC,0.0002839560013207884
4-mer_ATAG,0.00028349984967011355
codon_CCG,0.0002829094231301355
codon_CAA,0.0002825822022196356
codon_CAT,0.0002815665778992489
4-mer_TCTC,0.0002808476568537824
4-mer_GTCT,0.0002781428844312281
4-mer_CCTC,0.00027298316474915
4-mer_GCAA,0.00027216237178179117
4-mer_AGAC,0.0002712357038337622
codon_ATG,0.0002691794724815578
4-mer_TCGA,0.0002691677223838059
4-mer_TGAT,0.0002689112426775402
4-mer_CCCT,0.0002688138076532646
codon_CTC,0.0002685725303984204
4-mer_TCCA,0.0002673970662465492
4-mer_CGAG,0.00026550675142241994
4-mer_CCTA,0.00026464267063102987
4-mer_TAGT,0.000261236826442902
4-mer_AAAC,0.00025988304026532073
codon_ATC,0.0002594270296722536
codon_AGT,0.00025717776103084135
4-mer_GTCG,0.0002564592572556221
4-mer_CCCG,0.00025509323204398317
codon_GCG,0.00025339979274253754
4-mer_ATAC,0.000252829927969422
codon_TCC,0.0002522212305276522
4-mer_TACT,0.0002520555856352413
codon_GAC,0.00025125537178793267
4-mer_GCAC,0.0002497612883983019
codon_CTA,0.0002465905590933159
4-mer_GGTG,0.000245153326996775
4-mer_CGCC,0.0002442993713515468
4-mer_ATCT,0.00024175207332543383
4-mer_TAGG,0.00023812883294442241
4-mer_TAGC,0.00023812486780739456
codon_CGG,0.00023661943424929793
4-mer_TGCG,0.00023584165435800033
4-mer_GTGC,0.00023382344690660707
4-mer_CAGT,0.00023186477487768863
codon_TTG,0.00023135551825977343
codon_CTG,0.0002302562026448743
codon_TCT,0.00022954693970530986
4-mer_ACGA,0.00022929308932054569
4-mer_GCGT,0.00022727532304944728
4-mer_GTAG,0.0002269554558990481
4-mer_CATA,0.0002267818774438824
codon_GCA,0.00022581706197426126
4-mer_GCGA,0.0002257528021256342
4-mer_TGAG,0.00022569936605790049
codon_CCA,0.0002240894141926203
4-mer_GTAC,0.00022388728656978985
codon_TAC,0.00022074114756791242
4-mer_AGGT,0.0002195258300548808
4-mer_CGTG,0.00021907776645502982
codon_AAG,0.00021896641039167595
codon_TCG,0.00021796252206145874
4-mer_CTCC,0.00021750623773940836
codon_TGC,0.00021715789409750555
4-mer_ACAT,0.00021605153281620095
4-mer_TCCC,0.00021315712902992951
codon_CCT,0.0002113294458885204
4-mer_CCGT,0.00020954140986944531
4-mer_TCCG,0.0002046935339569542
4-mer_TAGA,0.00020101972595210478
4-mer_CGGT,0.0002004992789120969
4-mer_GTCC,0.00015175608013024154
codon_TAG,0.00014960563081961567
4-mer_CGGG,0.00012018827879451908
